idx,x_mm,y_mm,z_mm,Bx_G,By_G,Bz_G,Bx_std_G,By_std_G,Bz_std_G,err,t_s,n_samples,deg1,deg2,deg3,sent_x_mm,sent_y_mm,sent_z_mm,ax_g,ay_g,az_g,ax_std_g,ay_std_g,az_std_g,gyro_rms_dps,gyro_max_dps,settle_s,settled,pitch_deg,roll_deg,acc_pitch_deg,acc_roll_deg,spatial_t_first_ms,spatial_t_last_ms,Bx_raw_G,By_raw_G,Bz_raw_G,tilt_deg
1,-50,-50,-675,-0.1537302583,-0.1702724844,1.253454424,0.000856,0.000625,0.001018,0,16.86,20,26.39,16.98,13.9,-60.68,-57.13,-673.51,0.045601,0.010973,-1.001573,0.002053,0.003084,0.007077,0.2517,0.477,5,-1,NaN,NaN,2.6067,-0.6277,57396,57776,-0.195512,-0.172963,1.24725,1.916492179
2,-25,-50,-675,-0.07597061434,-0.1882606755,1.32798523,0.000821,0.00064,0.000741,0,27.98,20,23.58,18.87,13.41,-30.35,-56.96,-674.2,0.040417,0.008166,-1.001086,0.001969,0.003989,0.00714,0.2686,0.4292,5,-1,NaN,NaN,2.3119,-0.4674,68516,68896,-0.113475,-0.187431,1.325425,1.617949215
3,0,-50,-675,0.03165521699,-0.1999745739,1.363458084,0.000811,0.000551,0.000724,0,39.08,20,21.07,21.07,13.25,0,-56.91,-674.43,0.036347,0.013377,-1.002353,0.001889,0.003242,0.005944,0.2494,0.3345,5,-1,NaN,NaN,2.0765,-0.7646,79616,79996,-0.001264,-0.206217,1.362895,1.406918406
4,25,-50,-675,0.1186891964,-0.209915417,1.34467445,0.001092,0.001373,0.000793,0,50.11,20,18.87,23.58,13.41,30.35,-56.96,-674.2,0.031499,0.018624,-1.00136,0.004291,0.007256,0.004878,0.3841,0.6324,5,-1,NaN,NaN,1.8014,-1.0655,90656,91036,0.092694,-0.223135,1.344589,1.242115922
5,50,-50,-675,0.2154059476,-0.2143981451,1.271191499,0.000988,0.001236,0.001105,0,61.1,20,16.98,26.39,13.9,60.68,-57.13,-673.51,0.022583,0.020238,-1.002788,0.006365,0.004739,0.008541,0.3453,0.5623,5,-1,NaN,NaN,1.2899,-1.1562,101656,102036,0.202203,-0.228892,1.270833,0.8844418714
6,50,-25,-675,0.2304345792,-0.1211040495,1.258001571,0.000677,0.000452,0.001106,0,72,20,15.16,24.66,16.04,60.74,-28.77,-673.94,0.026886,0.02328,-1.00251,0.003065,0.001926,0.005164,0.2884,0.5812,5,-1,NaN,NaN,1.5358,-1.3302,112556,112936,0.21195,-0.139279,1.25937,1.180513124
7,25,-25,-675,0.1481416476,-0.09922507098,1.313899538,0.001017,0,0.000667,0,83.13,20,17.07,21.83,15.55,30.38,-28.57,-674.63,0.026712,0.020915,-1.00151,0.003496,0.003139,0.008412,0.2732,0.5643,5,-1,NaN,NaN,1.5275,-1.1964,123656,124044,0.129029,-0.11514,1.314617,1.084386625
8,0,-25,-675,0.03343488881,-0.08035836833,1.351877762,0.00058,0.000722,0.000532,0,94.19,20,19.29,19.29,15.39,0,-28.51,-674.86,0.03448,0.016449,-1.001902,0.002947,0.004231,0.005835,0.2573,0.4414,5,-1,NaN,NaN,1.9708,-0.9406,134732,135112,0.003309,-0.090698,1.351633,1.349609637
9,-25,-25,-675,-0.06438179388,-0.07858261432,1.305001987,0.000911,0.000658,0.000226,0,105.24,20,21.83,17.07,15.55,-30.38,-28.57,-674.63,0.03825,0.00922,-1.001971,0.002837,0.002745,0.009805,0.2925,0.5938,5,-1,NaN,NaN,2.1861,-0.5272,145772,146152,-0.09835,-0.079134,1.302849,1.492004471
10,-50,-25,-675,-0.1380423378,-0.08092646783,1.247302842,0,0.000885,0.001238,0,116.26,20,24.66,15.16,16.04,-60.74,-28.77,-673.94,0.040021,0.009051,-1.001352,0.002636,0.004508,0.006516,0.3472,0.4931,5,-1,NaN,NaN,2.2886,-0.5179,156812,157192,-0.17271,-0.08123,1.242957,1.594400118
11,-50,0,-675,-0.1233802066,-0.0157736027,1.192446735,0.000969,0.000701,0.000724,0,127.18,20,23.23,13.68,18.48,-60.61,-0.28,-674.1,0.029861,-0.003967,-1.002247,0.002126,0.005702,0.003079,0.3805,0.6489,5,-1,NaN,NaN,1.7066,0.2268,167712,168092,-0.14443,-0.000582,1.190185,1.247308552
12,-25,0,-675,-0.04818834746,-0.006682854316,1.266686737,0.000311,0.001011,0.000717,0,138.25,20,20.38,15.6,17.99,-30.32,-0.07,-674.77,0.026828,0.004977,-1.001352,0.003465,0.00555,0.007957,0.3539,0.5783,5,-1,NaN,NaN,1.5347,-0.2848,178792,179172,-0.066761,-0.00187,1.26586,0.8680194162
13,0,0,-675,0.05029773715,-0.007641695754,1.283236238,0.000646,0.000338,0.000971,0,149.31,20,17.83,17.83,17.83,0,0,-675,0.018762,0.005117,-1.001708,0.003272,0.003214,0.006706,0.3275,0.578,5,-1,NaN,NaN,1.073,-0.2927,189852,190232,0.041815,-0.002955,1.28356,0.4327761467
14,25,0,-675,0.1468895503,-0.02017661867,1.273570257,0.001294,0.000579,0.001361,0,160.38,20,15.6,20.38,17.99,30.32,-0.07,-674.77,0.021088,0.016942,-1.002776,0.003811,0.003372,0.004063,0.2564,0.4337,5,-1,NaN,NaN,1.2046,-0.9679,200920,201300,0.135542,-0.030528,1.274622,0.6908155385
15,50,0,-675,0.2243872361,-0.04042559243,1.216646489,0.000774,0.000226,0.001496,0,171.38,20,13.68,23.23,18.48,60.61,-0.28,-674.1,0.016581,0.020459,-1.001456,0.00331,0.003383,0.004294,0.3062,0.4497,5,-1,NaN,NaN,0.9484,-1.1703,211928,212308,0.218994,-0.054591,1.217076,0.7147784571
16,50,25,-675,0.2150818269,0.01263948073,1.123045547,0.000471,0,0.000801,0,182.26,20,12.54,22.1,21.23,60.28,28.29,-673.98,0.012158,0.020074,-1.001238,0.002313,0.002852,0.007697,0.3203,0.5872,5,-1,NaN,NaN,0.6956,-1.1486,222808,223188,0.215054,0,1.123122,0.646361361
17,25,25,-675,0.1512236136,0.04258735415,1.169356808,0.000632,0.000683,0.001311,0,193.34,20,14.46,19.24,20.74,30.15,28.52,-674.63,0.02195,0.017114,-1.001375,0.002897,0.004825,0.005819,0.3549,0.5276,5,-1,NaN,NaN,1.2555,-0.9791,233868,234248,0.139759,0.032851,1.171096,0.7364686633
18,0,25,-675,0.06490100838,0.0502786756,1.168858065,0,0.000501,0.001069,0,204.4,20,16.69,16.69,20.58,0,28.6,-674.85,0.023643,0.007899,-1.002601,0.006344,0.009227,0.008865,0.5091,0.8167,5,-1,NaN,NaN,1.3508,-0.4514,244936,245316,0.05151,0.051308,1.16948,0.6584934683
19,-25,25,-675,-0.02006973626,0.05839519028,1.170433283,0.000478,0.000743,0.002556,0,215.41,20,19.24,14.46,20.74,-30.15,28.52,-674.63,0.023711,0.004821,-1.00225,0.001886,0.003953,0.00549,0.3439,0.4948,5,-1,NaN,NaN,1.3552,-0.2756,255956,256336,-0.033558,0.063025,1.169884,0.6986629655
20,-50,25,-675,-0.08836733107,0.03857479711,1.122075648,0.0009,0.000311,0.0014,0,226.43,20,22.1,12.54,21.23,-60.28,28.29,-673.98,0.028562,-0.000143,-1.002332,0.003437,0.004904,0.007089,0.3748,0.7509,5,-1,NaN,NaN,1.6322,0.0082,266956,267336,-0.106708,0.048581,1.120091,1.067731528
21,-50,50,-675,-0.06356404955,0.06922719369,1.036805143,0,0.000752,0.000961,0,237.32,20,21.28,11.73,24.28,-59.74,56.96,-673.59,0.023919,-0.001422,-1.00073,0.002855,0.008164,0.009728,0.4722,0.7719,5,-1,NaN,NaN,1.3692,0.0814,277856,278236,-0.07575,0.079792,1.035226,0.8921538442
22,-25,50,-675,-0.007673540636,0.07890067051,1.063931193,0.000612,0.002244,0.001149,0,248.36,20,18.42,13.64,23.79,-29.89,57.2,-674.2,0.016701,0.000569,-1.001927,0.003159,0.002815,0.005537,0.2388,0.3601,5,-1,NaN,NaN,0.9549,-0.0325,288896,289276,-0.0125,0.087618,1.063203,0.5370799822
23,0,50,-675,0.05105317211,0.08187192444,1.090656122,0.00059,0.000476,0.001491,0,259.36,20,15.87,15.87,23.63,0,57.28,-674.4,0.011671,0.006258,-1.001355,0.003367,0.004133,0.004339,0.319,0.4439,5,-1,NaN,NaN,0.6678,-0.358,299904,300284,0.051561,0.084613,1.090423,0.1465205888
24,25,50,-675,0.1282173918,0.07098171565,1.085476219,0.001476,0,0.000579,0,270.37,20,13.64,18.42,23.79,29.89,57.2,-674.2,0.006167,0.01279,-1.002343,0.002006,0.003141,0.008353,0.264,0.3618,5,-1,NaN,NaN,0.3525,-0.7311,310904,311284,0.134684,0.06666,1.084967,0.4113713399
25,50,50,-675,0.1946877032,0.04559168073,1.028303357,0.000684,0.000441,0.000311,0,281.35,20,11.73,21.28,24.28,59.74,56.96,-673.59,0.005027,0.017986,-1.001787,0.002235,0.004369,0.005464,0.2679,0.4769,5,-1,NaN,NaN,0.2875,-1.0286,321884,322264,0.201977,0.036184,1.027271,0.6652790118
26,-50,-50,-650,-0.08498317095,-0.1708986116,1.114707962,0.000919,0.000843,0.000974,0,305.24,20,18.86,9.18,6.01,-59.71,-56.56,-648.63,0.036813,0.017226,-1.00175,0.002459,0.004012,0.00946,0.3089,0.5601,5,-1,NaN,NaN,2.1043,-0.9852,345784,346164,-0.112389,-0.180262,1.1108,1.490360567
27,-25,-50,-650,-0.03691052704,-0.1974432998,1.149393895,0.000754,0.00088,0.001715,0,316.32,20,15.97,11.12,5.51,-29.86,-56.48,-649.25,0.037254,0.010518,-1.001694,0.001727,0.004813,0.006665,0.3535,0.5927,5,-1,NaN,NaN,2.1298,-0.6016,356844,357224,-0.065727,-0.199425,1.147764,1.438921055
28,0,-50,-650,0.02152885771,-0.2075731669,1.176754785,0,0.001836,0.001384,0,327.38,20,13.39,13.39,5.35,0,-56.45,-649.46,0.027863,0.010565,-1.001274,0.001768,0.002863,0.006357,0.2582,0.4095,5.01,-1,NaN,NaN,1.5939,-0.6045,367900,368288,0.00303,-0.209676,1.176575,0.9053999438
29,25,-50,-650,0.097278954,-0.2082393525,1.15365247,0.001005,0.000797,0.000842,0,338.4,20,11.12,15.97,5.51,29.86,-56.48,-649.25,0.024594,0.015283,-1.001159,0.003509,0.002724,0.005262,0.2403,0.3899,5,-1,NaN,NaN,1.4071,-0.8746,378920,379300,0.082922,-0.215737,1.153396,0.8041422193
30,50,-50,-650,0.1610838955,-0.2109553717,1.117135113,0.001681,0.0009,0.001536,0,349.41,20,9.18,18.86,6.01,59.71,-56.56,-648.63,0.021835,0.019013,-1.001692,0.006203,0.001946,0.004838,0.3361,0.5303,5,-1,NaN,NaN,1.2485,-1.0874,389940,390320,0.150288,-0.222353,1.116429,0.8059383329
31,50,-25,-650,0.1638130678,-0.1441943725,1.111648061,0.000595,0.000703,0.000774,0,360.33,20,7.32,17.08,8.2,59.85,-28.4,-649.02,0.023547,0.022868,-1.001647,0.004763,0.003557,0.006598,0.2961,0.39,5.01,-1,NaN,NaN,1.3463,-1.3079,400840,401220,0.151172,-0.159808,1.111304,1.03636448
32,25,-25,-650,0.1144323225,-0.1381196984,1.144105942,0.000601,0,0.001968,0,371.36,20,9.28,14.17,7.71,29.94,-28.29,-649.65,0.029035,0.0205,-1.001648,0.003703,0.00453,0.004433,0.3277,0.5139,5,-1,NaN,NaN,1.66,-1.1725,411900,412280,0.095144,-0.1515,1.144179,1.175469808
33,0,-25,-650,0.04492461832,-0.1276776441,1.16550582,0.000441,0.000888,0.001575,0,382.42,20,11.56,11.56,7.54,0,-28.26,-649.86,0.035312,0.013904,-1.002718,0.004547,0.004517,0.00736,0.2644,0.3835,5.01,-1,NaN,NaN,2.0167,-0.7944,422940,423320,0.018004,-0.133624,1.165566,1.354304195
34,-25,-25,-650,-0.02233837815,-0.1263438337,1.156241168,0.00086,0.001173,0.001316,0,393.44,20,14.17,9.28,7.71,-29.94,-28.29,-649.65,0.034275,0.013675,-1.001669,0.003703,0.003396,0.008979,0.3053,0.4753,5.01,-1,NaN,NaN,1.9596,-0.7822,433960,434340,-0.047875,-0.131983,1.154835,1.295881598
35,-50,-25,-650,-0.08395712582,-0.1198922721,1.102167536,0.000441,0.000829,0.001956,0,404.44,20,17.08,7.32,8.2,-59.85,-28.4,-649.02,0.037572,0.004845,-1.001578,0.00575,0.003711,0.005478,0.3668,0.6278,5.01,-1,NaN,NaN,2.1483,-0.2772,444960,445340,-0.111933,-0.115544,1.100144,1.471285481
36,-50,0,-650,-0.08085078858,-0.07875436249,1.082982538,0.000724,0.000921,0.001838,0,415.32,20,15.6,5.81,10.72,-59.81,-0.16,-649.16,0.024893,-0.002298,-1.001221,0.002259,0.008983,0.007101,0.4572,0.8533,5.01,-1,NaN,NaN,1.4243,0.1315,455848,456236,-0.094663,-0.066761,1.082669,0.9665358551
37,-25,0,-650,-0.02278665574,-0.07388052093,1.10935024,0.000649,0.000896,0.000918,0,426.37,20,12.68,7.77,10.23,-29.92,-0.04,-649.79,0.022203,9.8e-05,-1.001945,0.00445,0.003936,0.003222,0.3258,0.5123,5,-1,NaN,NaN,1.2694,-0.0056,466896,467276,-0.033937,-0.064262,1.109664,0.7598095053
38,0,0,-650,0.04545,-0.078402,1.135745,0,0.000691,0.000955,0,437.41,20,10.06,10.06,10.06,-0,0,-650,0.01214,0.00878,-1.001737,0.002755,0.006504,0.006259,0.382,0.6749,5,-1,NaN,NaN,0.6943,-0.5022,477936,478316,0.04545,-0.078402,1.135745,0
39,25,0,-650,0.1157723354,-0.08500649552,1.120778096,0.000805,0.001116,0.002999,0,448.42,20,7.77,12.68,10.23,29.92,-0.04,-649.79,0.015103,0.016043,-1.001718,0.004507,0.004545,0.005632,0.2834,0.4824,5,-1,NaN,NaN,0.8637,-0.9176,488936,489316,0.112464,-0.093122,1.12047,0.4485390757
40,50,0,-650,0.1674015538,-0.09052243492,1.087363664,0.000551,0.00054,0.001441,0,459.39,20,5.81,15.6,10.72,59.81,-0.16,-649.16,0.015468,0.019963,-1.00146,0.00251,0.00153,0.006069,0.2236,0.3383,5,-1,NaN,NaN,0.8847,-1.142,499928,500308,0.163797,-0.102642,1.086836,0.6674788827
41,50,25,-650,0.1602503345,-0.04952567408,1.030292634,0.000688,0,0.000609,0,470.27,20,4.63,14.43,13.55,59.59,28.13,-649.04,0.010429,0.022507,-1.000541,0.003795,0.003168,0.007212,0.2419,0.5214,5,-1,NaN,NaN,0.597,-1.2886,510808,511188,0.162006,-0.06363,1.029243,0.7924114009
42,25,25,-650,0.1148170662,-0.0329704385,1.047674264,0.001581,0.00181,0.001138,0,481.32,20,6.6,11.5,13.06,29.81,28.27,-649.66,0.025475,0.019249,-1.000884,0.004041,0.002107,0.006824,0.2446,0.3915,5,-1,NaN,NaN,1.4577,-1.1017,521848,522228,0.100849,-0.043935,1.048709,0.9706817586
43,0,25,-650,0.06150962761,-0.0210051019,1.072587812,0.00053,0.00211,0.000639,0,492.35,20,8.89,8.89,12.9,0,28.31,-649.86,0.021702,0.015047,-1.001062,0.002727,0.002618,0.009472,0.3292,0.4905,5,-1,NaN,NaN,1.2418,-0.8612,532856,533240,0.051258,-0.027725,1.072974,0.654642422
44,-25,25,-650,0.006162073756,-0.02137946572,1.060084975,0.000683,0.000449,0.000804,0,503.36,20,11.5,6.6,13.06,-29.81,28.27,-649.66,0.024127,0.005524,-1.002937,0.002792,0.002881,0.00973,0.3137,0.5105,5,-1,NaN,NaN,1.378,-0.3156,543872,544252,-0.006491,-0.017928,1.060147,0.7087335633
45,-50,25,-650,-0.0528594272,-0.02818283822,1.030672355,0.000618,0.000492,0.000311,0,514.31,20,14.43,4.63,13.55,-59.59,28.13,-649.04,0.024643,0.00201,-1.001461,0.00258,0.00264,0.004017,0.3069,0.5189,5,-1,NaN,NaN,1.4096,-0.115,554828,555208,-0.065727,-0.021211,1.030099,0.8133205786
46,-50,50,-650,-0.04384033831,-0.01307031343,0.9690056258,0.000858,0.000852,0.000736,0,525.18,20,13.57,3.8,16.69,-59.17,56.46,-648.66,0.015928,-0.006974,-1.002251,0.003475,0.004575,0.007169,0.4394,0.7457,5,-1,NaN,NaN,0.9105,0.3987,565708,566088,-0.047497,0.002172,0.968919,0.9263320982
47,-25,50,-650,0.003347039704,-0.003164339631,1.003963455,0.00055,0.000578,0.001056,0,536.21,20,10.64,5.75,16.2,-29.6,56.61,-649.25,0.006579,-0.000451,-1.00086,0.004906,0.003474,0.004183,0.4829,0.94,5,-1,NaN,NaN,0.3766,0.0258,576728,577108,0.008914,0.006086,1.003916,0.6161750979
48,0,50,-650,0.05010813922,-0.002259798666,1.011169566,0.00068,0.000899,0.00137,0,547.24,20,8.04,8.04,16.04,0,56.66,-649.45,0.008068,0.004884,-1.001068,0.006749,0.003379,0.003682,0.3171,0.5492,5,-1,NaN,NaN,0.4618,-0.2796,587748,588128,0.054212,0.001668,1.010959,0.3219364637
49,25,50,-650,0.0979167272,-0.00409741315,0.9998377695,0.000935,0.000819,0.000919,0,558.22,20,5.75,10.64,16.2,29.6,56.61,-649.25,0.005097,0.010243,-1.001132,0.004192,0.003683,0.006623,0.2703,0.474,5,-1,NaN,NaN,0.2917,-0.5862,598748,599128,0.10494,-0.005555,0.999118,0.4112891746
50,50,50,-650,0.1425685198,-0.01553456016,0.9778544853,0.000618,0.001009,0.00103,0,569.18,20,3.8,13.57,16.69,59.17,56.46,-648.66,0.000315,0.018313,-1.001767,0.002958,0.002999,0.005331,0.2783,0.5009,5,-1,NaN,NaN,0.018,-1.0473,609708,610088,0.154102,-0.024796,0.975912,0.8686243193
51,-50,-50,-625,-0.04249100884,-0.1767294887,1.019807858,0.00076,0.001173,0.000578,0,592.89,20,11.27,1.28,-1.99,-58.78,-56.01,-623.75,0.036874,0.012103,-1.000768,0.006212,0.006121,0.008054,0.4609,0.7349,5,-1,NaN,NaN,2.11,-0.6929,633408,633788,-0.067697,-0.180109,1.017853,1.428470339
52,-25,-50,-625,-0.001065574791,-0.1887142068,1.043357381,0.001289,0.000773,0.000723,0,603.9,20,8.28,3.28,-2.5,-29.39,-56,-624.3,0.037684,0.008029,-1.000932,0.001997,0.00368,0.00507,0.2622,0.5653,5,-1,NaN,NaN,2.1561,-0.4596,644408,644788,-0.027725,-0.187936,1.04313,1.462351778
53,0,-50,-625,0.0310664159,-0.1952884554,1.055267807,0.001483,0.000968,0.000789,0,614.88,20,5.61,5.61,-2.67,0,-56,-624.49,0.031131,0.01168,-1.002079,0.003699,0.002681,0.005795,0.297,0.4912,5,-1,NaN,NaN,1.7793,-0.6678,655388,655768,0.011059,-0.19834,1.055098,1.097539734
54,25,-50,-625,0.07535101582,-0.2008868979,1.043362623,0.000748,0.00105,0.000668,0,625.83,20,3.28,8.28,-2.5,29.39,-56,-624.3,0.027643,0.016012,-1.001975,0.001178,0.002826,0.006425,0.2857,0.5203,5,-1,NaN,NaN,1.5801,-0.9155,666348,666728,0.059213,-0.208413,1.042927,0.977464578
55,50,-50,-625,0.119856781,-0.2038817239,1.021882057,0.000745,0.001041,0.000839,0,636.77,20,1.28,11.27,-1.99,58.78,-56.01,-623.75,0.021646,0.021619,-1.001947,0.003821,0.002224,0.004162,0.3001,0.5101,5,-1,NaN,NaN,1.2373,-1.2361,677288,677668,0.110192,-0.216949,1.020278,0.9128766422
56,50,-25,-625,0.1230822891,-0.1563143518,1.015741934,0.00129,0.000828,0.002614,0,647.63,20,-0.63,9.42,0.26,58.99,-28.04,-624.1,0.016525,0.024106,-1.002245,0.003104,0.003059,0.005185,0.2603,0.5327,5,-1,NaN,NaN,0.9443,-1.3778,688148,688528,0.118675,-0.171802,1.013763,0.910551217
57,25,-25,-625,0.08583017345,-0.1534878361,1.039276863,0,0.000739,0.00178,0,658.67,20,1.38,6.41,-0.25,29.5,-28.02,-624.68,0.030646,0.020708,-1.002201,0.002834,0.002894,0.008341,0.2944,0.4825,5,-1,NaN,NaN,1.7511,-1.1837,699172,699560,0.06666,-0.165843,1.038785,1.257420475
58,0,-25,-625,0.0415369004,-0.1451884952,1.043391721,0.000311,0.000226,0.002988,0,669.65,20,3.73,3.73,-0.42,0,-28.02,-624.87,0.034454,0.017694,-1.001039,0.00349,0.00239,0.00966,0.2642,0.5185,5,-1,NaN,NaN,1.971,-1.0126,710172,710552,0.018281,-0.154479,1.042724,1.374846969
59,-25,-25,-625,0.004696668807,-0.1418469811,1.040813852,0.000565,0.001086,0.001489,0,680.63,20,6.41,1.38,-0.25,-29.5,-28.02,-624.68,0.036945,0.010249,-1.001671,0.002206,0.003266,0.004802,0.2531,0.4999,5,-1,NaN,NaN,2.1122,-0.5863,721132,721512,-0.021084,-0.143371,1.040402,1.420376875
60,-50,-25,-625,-0.04013995562,-0.1403624449,1.015145808,0.000226,0,0.000834,0,691.58,20,9.42,-0.63,0.26,-58.99,-28.04,-624.1,0.03526,0.00483,-1.001802,0.001971,0.00221,0.005099,0.2946,0.5098,5,-1,NaN,NaN,2.0158,-0.2762,732092,732472,-0.06358,-0.13635,1.014495,1.340619337
61,-50,0,-625,-0.03596573756,-0.1079331205,0.9981429748,0.00037,0.000226,0.001497,0,702.46,20,7.89,-2.19,2.86,-59.03,-0.05,-624.22,0.02786,-0.00521,-1.001653,0.004313,0.004974,0.004364,0.3659,0.5374,5,-1,NaN,NaN,1.5932,0.298,742972,743352,-0.051662,-0.09398,0.998865,1.203343144
62,-25,0,-625,0.001636332492,-0.1087494657,1.024614355,0.000888,0.001227,0.001625,0,713.5,20,4.87,-0.18,2.35,-29.53,-0.01,-624.8,0.022588,-0.000917,-1.002066,0.003668,0.003647,0.004611,0.3115,0.623,5,-1,NaN,NaN,1.2913,0.0524,754012,754392,-0.009066,-0.098829,1.02558,0.8148041128
63,0,0,-625,0.03696462853,-0.1128458738,1.031218183,0.000794,0.000622,0.001606,0,724.5,20,2.18,2.18,2.18,-0,0,-625,0.017811,0.004652,-1.00144,0.002978,0.002684,0.004468,0.2752,0.4306,5,-1,NaN,NaN,1.0189,-0.2662,765008,765388,0.03111,-0.108601,1.031867,0.4013228606
64,25,0,-625,0.08403876578,-0.1156962252,1.028102709,0.001651,0.000767,0.000918,0,735.48,20,-0.18,4.87,2.35,29.53,-0.01,-624.8,0.010408,0.014769,-1.001686,0.002363,0.004594,0.005547,0.2875,0.4747,5,-1,NaN,NaN,0.5953,-0.8447,775996,776376,0.085825,-0.121832,1.027246,0.3565589902
65,50,0,-625,0.1251232264,-0.1198453688,0.9912925859,0,0.001351,0.000787,0,746.47,20,-2.19,7.89,2.86,59.03,-0.05,-624.22,0.013068,0.020396,-1.002321,0.002916,0.003222,0.004399,0.2816,0.4192,5.01,-1,NaN,NaN,0.7468,-1.1657,786960,787344,0.12423,-0.1313,0.989953,0.6655877847
66,50,25,-625,0.115963974,-0.09262974082,0.9669217159,0.000587,0.000652,0.001307,0,757.34,20,-3.39,6.67,5.78,58.9,27.96,-624.09,0.008167,0.019007,-1.002079,0.003388,0.004815,0.00499,0.3471,0.6118,5.01,-1,NaN,NaN,0.4669,-1.0866,797840,798220,0.119813,-0.102466,0.965459,0.6271233788
67,25,25,-625,0.08591884968,-0.08051464557,0.9795669393,0.00075,0.000714,0.000714,0,768.36,20,-1.39,3.66,5.28,29.47,28.02,-624.68,0.019962,0.019977,-1.001454,0.005601,0.003358,0.003893,0.3276,0.5794,5,-1,NaN,NaN,1.1417,-1.1428,808860,809240,0.078275,-0.091457,0.979247,0.7813064674
68,0,25,-625,0.0491016828,-0.07678457221,0.9877132625,0.000809,0.000646,0.000476,0,779.36,20,0.96,0.96,5.11,0,28.03,-624.87,0.022301,0.01634,-1.001715,0.00271,0.002726,0.005335,0.2707,0.4327,5,-1,NaN,NaN,1.2752,-0.9345,819860,820240,0.039088,-0.084235,0.987553,0.7240839653
69,-25,25,-625,0.01107167909,-0.07812177747,0.9772796017,0.00034,0,0.002027,0,790.34,20,3.66,-1.39,5.28,-29.47,28.02,-624.68,0.023561,0.006348,-1.00181,0.003165,0.00155,0.005331,0.2787,0.4553,5,-1,NaN,NaN,1.3472,-0.363,830840,831220,-7.6e-05,-0.07575,0.977529,0.6675794829
70,-50,25,-625,-0.02611350665,-0.08128921538,0.9658968724,0.000416,0.000622,0.000793,0,801.29,20,6.67,-3.39,5.78,-58.9,27.96,-624.09,0.027742,0.002831,-1.001989,0.001853,0.003233,0.006797,0.3102,0.5173,5.01,-1,NaN,NaN,1.586,-0.1619,841800,842180,-0.04116,-0.075548,0.965839,0.9543327024
71,-50,50,-625,-0.01828295748,-0.05822995871,0.9282459,0.001572,0,0.000833,0,812.15,20,5.78,-4.24,9.04,-58.59,55.98,-623.74,0.018557,-0.005006,-1.001805,0.003014,0.003196,0.01233,0.238,0.3884,5.01,-1,NaN,NaN,1.0612,0.2863,852660,853040,-0.02424,-0.04545,0.928823,0.8695681511
72,-25,50,-625,0.01146823886,-0.05429682733,0.9504266043,0.00154,0,0.000588,0,823.15,20,2.77,-2.25,8.53,-29.31,56.04,-624.3,0.010049,-0.000544,-1.000206,0.003025,0.003815,0.012872,0.3012,0.4847,5.01,-1,NaN,NaN,0.5756,0.0312,863664,864048,0.013433,-0.04545,0.950865,0.5463465751
73,0,50,-625,0.04491464665,-0.05789896454,0.9536976958,0.000645,0.000532,0.000891,0,834.13,20,0.09,0.09,8.36,0,56.07,-624.49,0.004707,0.005145,-1.001524,0.002952,0.004041,0.005031,0.2912,0.6035,5,-1,NaN,NaN,0.2693,-0.2943,874636,875016,0.05199,-0.054439,0.953542,0.4731194346
74,25,50,-625,0.07651581555,-0.06134109167,0.9502129585,0.000558,0.000557,0.001686,0,845.1,20,-2.25,2.77,8.53,29.31,56.04,-624.3,0.003469,0.011432,-1.000668,0.002096,0.003937,0.006473,0.3176,0.4509,5.01,-1,NaN,NaN,0.1986,-0.6545,885596,885976,0.084739,-0.063858,0.949349,0.518579157
75,50,50,-625,0.1110118141,-0.06970796362,0.9237327233,0.000888,0.000773,0.002168,0,856.06,20,-4.24,5.78,9.04,58.59,55.98,-623.74,-0.001619,0.021028,-1.000464,0.002961,0.00481,0.00407,0.3296,0.5282,5,-1,NaN,NaN,-0.0927,-1.2041,896552,896932,0.123701,-0.080977,0.921198,1.054526355
