idx,x_mm,y_mm,z_mm,Bx_G,By_G,Bz_G,Bx_std_G,By_std_G,Bz_std_G,err,t_s,n_samples,deg1,deg2,deg3,sent_x_mm,sent_y_mm,sent_z_mm,ax_g,ay_g,az_g,ax_std_g,ay_std_g,az_std_g,gyro_rms_dps,gyro_max_dps,settle_s,settled,pitch_deg,roll_deg,acc_pitch_deg,acc_roll_deg,spatial_t_first_ms,spatial_t_last_ms
1,-50.00,-50.00,-675.00,-0.195512,-0.172963,1.247250,0.000856,0.000625,0.001018,0,16.86,20,26.390,16.980,13.900,-60.68,-57.13,-673.51,0.045601,0.010973,-1.001573,0.002053,0.003084,0.007077,0.2517,0.4770,5.00,-1,nan,nan,2.6067,-0.6277,57396.000,57776.000
2,-25.00,-50.00,-675.00,-0.113475,-0.187431,1.325425,0.000821,0.000640,0.000741,0,27.98,20,23.580,18.870,13.410,-30.35,-56.96,-674.20,0.040417,0.008166,-1.001086,0.001969,0.003989,0.007140,0.2686,0.4292,5.00,-1,nan,nan,2.3119,-0.4674,68516.000,68896.000
3,0.00,-50.00,-675.00,-0.001264,-0.206217,1.362895,0.000811,0.000551,0.000724,0,39.08,20,21.070,21.070,13.250,0.00,-56.91,-674.43,0.036347,0.013377,-1.002353,0.001889,0.003242,0.005944,0.2494,0.3345,5.00,-1,nan,nan,2.0765,-0.7646,79616.000,79996.000
4,25.00,-50.00,-675.00,0.092694,-0.223135,1.344589,0.001092,0.001373,0.000793,0,50.11,20,18.870,23.580,13.410,30.35,-56.96,-674.20,0.031499,0.018624,-1.001360,0.004291,0.007256,0.004878,0.3841,0.6324,5.00,-1,nan,nan,1.8014,-1.0655,90656.000,91036.000
5,50.00,-50.00,-675.00,0.202203,-0.228892,1.270833,0.000988,0.001236,0.001105,0,61.10,20,16.980,26.390,13.900,60.68,-57.13,-673.51,0.022583,0.020238,-1.002788,0.006365,0.004739,0.008541,0.3453,0.5623,5.00,-1,nan,nan,1.2899,-1.1562,101656.000,102036.000
6,50.00,-25.00,-675.00,0.211950,-0.139279,1.259370,0.000677,0.000452,0.001106,0,72.00,20,15.160,24.660,16.040,60.74,-28.77,-673.94,0.026886,0.023280,-1.002510,0.003065,0.001926,0.005164,0.2884,0.5812,5.00,-1,nan,nan,1.5358,-1.3302,112556.000,112936.000
7,25.00,-25.00,-675.00,0.129029,-0.115140,1.314617,0.001017,0.000000,0.000667,0,83.13,20,17.070,21.830,15.550,30.38,-28.57,-674.63,0.026712,0.020915,-1.001510,0.003496,0.003139,0.008412,0.2732,0.5643,5.00,-1,nan,nan,1.5275,-1.1964,123656.000,124044.000
8,0.00,-25.00,-675.00,0.003309,-0.090698,1.351633,0.000580,0.000722,0.000532,0,94.19,20,19.290,19.290,15.390,0.00,-28.51,-674.86,0.034480,0.016449,-1.001902,0.002947,0.004231,0.005835,0.2573,0.4414,5.00,-1,nan,nan,1.9708,-0.9406,134732.000,135112.000
9,-25.00,-25.00,-675.00,-0.098350,-0.079134,1.302849,0.000911,0.000658,0.000226,0,105.24,20,21.830,17.070,15.550,-30.38,-28.57,-674.63,0.038250,0.009220,-1.001971,0.002837,0.002745,0.009805,0.2925,0.5938,5.00,-1,nan,nan,2.1861,-0.5272,145772.000,146152.000
10,-50.00,-25.00,-675.00,-0.172710,-0.081230,1.242957,0.000000,0.000885,0.001238,0,116.26,20,24.660,15.160,16.040,-60.74,-28.77,-673.94,0.040021,0.009051,-1.001352,0.002636,0.004508,0.006516,0.3472,0.4931,5.00,-1,nan,nan,2.2886,-0.5179,156812.000,157192.000
11,-50.00,0.00,-675.00,-0.144430,-0.000582,1.190185,0.000969,0.000701,0.000724,0,127.18,20,23.230,13.680,18.480,-60.61,-0.28,-674.10,0.029861,-0.003967,-1.002247,0.002126,0.005702,0.003079,0.3805,0.6489,5.00,-1,nan,nan,1.7066,0.2268,167712.000,168092.000
12,-25.00,0.00,-675.00,-0.066761,-0.001870,1.265860,0.000311,0.001011,0.000717,0,138.25,20,20.380,15.600,17.990,-30.32,-0.07,-674.77,0.026828,0.004977,-1.001352,0.003465,0.005550,0.007957,0.3539,0.5783,5.00,-1,nan,nan,1.5347,-0.2848,178792.000,179172.000
13,0.00,0.00,-675.00,0.041815,-0.002955,1.283560,0.000646,0.000338,0.000971,0,149.31,20,17.830,17.830,17.830,0.00,0.00,-675.00,0.018762,0.005117,-1.001708,0.003272,0.003214,0.006706,0.3275,0.5780,5.00,-1,nan,nan,1.0730,-0.2927,189852.000,190232.000
14,25.00,0.00,-675.00,0.135542,-0.030528,1.274622,0.001294,0.000579,0.001361,0,160.38,20,15.600,20.380,17.990,30.32,-0.07,-674.77,0.021088,0.016942,-1.002776,0.003811,0.003372,0.004063,0.2564,0.4337,5.00,-1,nan,nan,1.2046,-0.9679,200920.000,201300.000
15,50.00,0.00,-675.00,0.218994,-0.054591,1.217076,0.000774,0.000226,0.001496,0,171.38,20,13.680,23.230,18.480,60.61,-0.28,-674.10,0.016581,0.020459,-1.001456,0.003310,0.003383,0.004294,0.3062,0.4497,5.00,-1,nan,nan,0.9484,-1.1703,211928.000,212308.000
16,50.00,25.00,-675.00,0.215054,0.000000,1.123122,0.000471,0.000000,0.000801,0,182.26,20,12.540,22.100,21.230,60.28,28.29,-673.98,0.012158,0.020074,-1.001238,0.002313,0.002852,0.007697,0.3203,0.5872,5.00,-1,nan,nan,0.6956,-1.1486,222808.000,223188.000
17,25.00,25.00,-675.00,0.139759,0.032851,1.171096,0.000632,0.000683,0.001311,0,193.34,20,14.460,19.240,20.740,30.15,28.52,-674.63,0.021950,0.017114,-1.001375,0.002897,0.004825,0.005819,0.3549,0.5276,5.00,-1,nan,nan,1.2555,-0.9791,233868.000,234248.000
18,0.00,25.00,-675.00,0.051510,0.051308,1.169480,0.000000,0.000501,0.001069,0,204.40,20,16.690,16.690,20.580,0.00,28.60,-674.85,0.023643,0.007899,-1.002601,0.006344,0.009227,0.008865,0.5091,0.8167,5.00,-1,nan,nan,1.3508,-0.4514,244936.000,245316.000
19,-25.00,25.00,-675.00,-0.033558,0.063025,1.169884,0.000478,0.000743,0.002556,0,215.41,20,19.240,14.460,20.740,-30.15,28.52,-674.63,0.023711,0.004821,-1.002250,0.001886,0.003953,0.005490,0.3439,0.4948,5.00,-1,nan,nan,1.3552,-0.2756,255956.000,256336.000
20,-50.00,25.00,-675.00,-0.106708,0.048581,1.120091,0.000900,0.000311,0.001400,0,226.43,20,22.100,12.540,21.230,-60.28,28.29,-673.98,0.028562,-0.000143,-1.002332,0.003437,0.004904,0.007089,0.3748,0.7509,5.00,-1,nan,nan,1.6322,0.0082,266956.000,267336.000
21,-50.00,50.00,-675.00,-0.075750,0.079792,1.035226,0.000000,0.000752,0.000961,0,237.32,20,21.280,11.730,24.280,-59.74,56.96,-673.59,0.023919,-0.001422,-1.000730,0.002855,0.008164,0.009728,0.4722,0.7719,5.00,-1,nan,nan,1.3692,0.0814,277856.000,278236.000
22,-25.00,50.00,-675.00,-0.012500,0.087618,1.063203,0.000612,0.002244,0.001149,0,248.36,20,18.420,13.640,23.790,-29.89,57.20,-674.20,0.016701,0.000569,-1.001927,0.003159,0.002815,0.005537,0.2388,0.3601,5.00,-1,nan,nan,0.9549,-0.0325,288896.000,289276.000
23,0.00,50.00,-675.00,0.051561,0.084613,1.090423,0.000590,0.000476,0.001491,0,259.36,20,15.870,15.870,23.630,0.00,57.28,-674.40,0.011671,0.006258,-1.001355,0.003367,0.004133,0.004339,0.3190,0.4439,5.00,-1,nan,nan,0.6678,-0.3580,299904.000,300284.000
24,25.00,50.00,-675.00,0.134684,0.066660,1.084967,0.001476,0.000000,0.000579,0,270.37,20,13.640,18.420,23.790,29.89,57.20,-674.20,0.006167,0.012790,-1.002343,0.002006,0.003141,0.008353,0.2640,0.3618,5.00,-1,nan,nan,0.3525,-0.7311,310904.000,311284.000
25,50.00,50.00,-675.00,0.201977,0.036184,1.027271,0.000684,0.000441,0.000311,0,281.35,20,11.730,21.280,24.280,59.74,56.96,-673.59,0.005027,0.017986,-1.001787,0.002235,0.004369,0.005464,0.2679,0.4769,5.00,-1,nan,nan,0.2875,-1.0286,321884.000,322264.000
26,-50.00,-50.00,-650.00,-0.112389,-0.180262,1.110800,0.000919,0.000843,0.000974,0,305.24,20,18.860,9.180,6.010,-59.71,-56.56,-648.63,0.036813,0.017226,-1.001750,0.002459,0.004012,0.009460,0.3089,0.5601,5.00,-1,nan,nan,2.1043,-0.9852,345784.000,346164.000
27,-25.00,-50.00,-650.00,-0.065727,-0.199425,1.147764,0.000754,0.000880,0.001715,0,316.32,20,15.970,11.120,5.510,-29.86,-56.48,-649.25,0.037254,0.010518,-1.001694,0.001727,0.004813,0.006665,0.3535,0.5927,5.00,-1,nan,nan,2.1298,-0.6016,356844.000,357224.000
28,0.00,-50.00,-650.00,0.003030,-0.209676,1.176575,0.000000,0.001836,0.001384,0,327.38,20,13.390,13.390,5.350,0.00,-56.45,-649.46,0.027863,0.010565,-1.001274,0.001768,0.002863,0.006357,0.2582,0.4095,5.01,-1,nan,nan,1.5939,-0.6045,367900.000,368288.000
29,25.00,-50.00,-650.00,0.082922,-0.215737,1.153396,0.001005,0.000797,0.000842,0,338.40,20,11.120,15.970,5.510,29.86,-56.48,-649.25,0.024594,0.015283,-1.001159,0.003509,0.002724,0.005262,0.2403,0.3899,5.00,-1,nan,nan,1.4071,-0.8746,378920.000,379300.000
30,50.00,-50.00,-650.00,0.150288,-0.222353,1.116429,0.001681,0.000900,0.001536,0,349.41,20,9.180,18.860,6.010,59.71,-56.56,-648.63,0.021835,0.019013,-1.001692,0.006203,0.001946,0.004838,0.3361,0.5303,5.00,-1,nan,nan,1.2485,-1.0874,389940.000,390320.000
31,50.00,-25.00,-650.00,0.151172,-0.159808,1.111304,0.000595,0.000703,0.000774,0,360.33,20,7.320,17.080,8.200,59.85,-28.40,-649.02,0.023547,0.022868,-1.001647,0.004763,0.003557,0.006598,0.2961,0.3900,5.01,-1,nan,nan,1.3463,-1.3079,400840.000,401220.000
32,25.00,-25.00,-650.00,0.095144,-0.151500,1.144179,0.000601,0.000000,0.001968,0,371.36,20,9.280,14.170,7.710,29.94,-28.29,-649.65,0.029035,0.020500,-1.001648,0.003703,0.004530,0.004433,0.3277,0.5139,5.00,-1,nan,nan,1.6600,-1.1725,411900.000,412280.000
33,0.00,-25.00,-650.00,0.018004,-0.133624,1.165566,0.000441,0.000888,0.001575,0,382.42,20,11.560,11.560,7.540,0.00,-28.26,-649.86,0.035312,0.013904,-1.002718,0.004547,0.004517,0.007360,0.2644,0.3835,5.01,-1,nan,nan,2.0167,-0.7944,422940.000,423320.000
34,-25.00,-25.00,-650.00,-0.047875,-0.131983,1.154835,0.000860,0.001173,0.001316,0,393.44,20,14.170,9.280,7.710,-29.94,-28.29,-649.65,0.034275,0.013675,-1.001669,0.003703,0.003396,0.008979,0.3053,0.4753,5.01,-1,nan,nan,1.9596,-0.7822,433960.000,434340.000
35,-50.00,-25.00,-650.00,-0.111933,-0.115544,1.100144,0.000441,0.000829,0.001956,0,404.44,20,17.080,7.320,8.200,-59.85,-28.40,-649.02,0.037572,0.004845,-1.001578,0.005750,0.003711,0.005478,0.3668,0.6278,5.01,-1,nan,nan,2.1483,-0.2772,444960.000,445340.000
36,-50.00,0.00,-650.00,-0.094663,-0.066761,1.082669,0.000724,0.000921,0.001838,0,415.32,20,15.600,5.810,10.720,-59.81,-0.16,-649.16,0.024893,-0.002298,-1.001221,0.002259,0.008983,0.007101,0.4572,0.8533,5.01,-1,nan,nan,1.4243,0.1315,455848.000,456236.000
37,-25.00,0.00,-650.00,-0.033937,-0.064262,1.109664,0.000649,0.000896,0.000918,0,426.37,20,12.680,7.770,10.230,-29.92,-0.04,-649.79,0.022203,0.000098,-1.001945,0.004450,0.003936,0.003222,0.3258,0.5123,5.00,-1,nan,nan,1.2694,-0.0056,466896.000,467276.000
38,0.00,0.00,-650.00,0.045450,-0.078402,1.135745,0.000000,0.000691,0.000955,0,437.41,20,10.060,10.060,10.060,-0.00,0.00,-650.00,0.012140,0.008780,-1.001737,0.002755,0.006504,0.006259,0.3820,0.6749,5.00,-1,nan,nan,0.6943,-0.5022,477936.000,478316.000
39,25.00,0.00,-650.00,0.112464,-0.093122,1.120470,0.000805,0.001116,0.002999,0,448.42,20,7.770,12.680,10.230,29.92,-0.04,-649.79,0.015103,0.016043,-1.001718,0.004507,0.004545,0.005632,0.2834,0.4824,5.00,-1,nan,nan,0.8637,-0.9176,488936.000,489316.000
40,50.00,0.00,-650.00,0.163797,-0.102642,1.086836,0.000551,0.000540,0.001441,0,459.39,20,5.810,15.600,10.720,59.81,-0.16,-649.16,0.015468,0.019963,-1.001460,0.002510,0.001530,0.006069,0.2236,0.3383,5.00,-1,nan,nan,0.8847,-1.1420,499928.000,500308.000
41,50.00,25.00,-650.00,0.162006,-0.063630,1.029243,0.000688,0.000000,0.000609,0,470.27,20,4.630,14.430,13.550,59.59,28.13,-649.04,0.010429,0.022507,-1.000541,0.003795,0.003168,0.007212,0.2419,0.5214,5.00,-1,nan,nan,0.5970,-1.2886,510808.000,511188.000
42,25.00,25.00,-650.00,0.100849,-0.043935,1.048709,0.001581,0.001810,0.001138,0,481.32,20,6.600,11.500,13.060,29.81,28.27,-649.66,0.025475,0.019249,-1.000884,0.004041,0.002107,0.006824,0.2446,0.3915,5.00,-1,nan,nan,1.4577,-1.1017,521848.000,522228.000
43,0.00,25.00,-650.00,0.051258,-0.027725,1.072974,0.000530,0.002110,0.000639,0,492.35,20,8.890,8.890,12.900,0.00,28.31,-649.86,0.021702,0.015047,-1.001062,0.002727,0.002618,0.009472,0.3292,0.4905,5.00,-1,nan,nan,1.2418,-0.8612,532856.000,533240.000
44,-25.00,25.00,-650.00,-0.006491,-0.017928,1.060147,0.000683,0.000449,0.000804,0,503.36,20,11.500,6.600,13.060,-29.81,28.27,-649.66,0.024127,0.005524,-1.002937,0.002792,0.002881,0.009730,0.3137,0.5105,5.00,-1,nan,nan,1.3780,-0.3156,543872.000,544252.000
45,-50.00,25.00,-650.00,-0.065727,-0.021211,1.030099,0.000618,0.000492,0.000311,0,514.31,20,14.430,4.630,13.550,-59.59,28.13,-649.04,0.024643,0.002010,-1.001461,0.002580,0.002640,0.004017,0.3069,0.5189,5.00,-1,nan,nan,1.4096,-0.1150,554828.000,555208.000
46,-50.00,50.00,-650.00,-0.047497,0.002172,0.968919,0.000858,0.000852,0.000736,0,525.18,20,13.570,3.800,16.690,-59.17,56.46,-648.66,0.015928,-0.006974,-1.002251,0.003475,0.004575,0.007169,0.4394,0.7457,5.00,-1,nan,nan,0.9105,0.3987,565708.000,566088.000
47,-25.00,50.00,-650.00,0.008914,0.006086,1.003916,0.000550,0.000578,0.001056,0,536.21,20,10.640,5.750,16.200,-29.60,56.61,-649.25,0.006579,-0.000451,-1.000860,0.004906,0.003474,0.004183,0.4829,0.9400,5.00,-1,nan,nan,0.3766,0.0258,576728.000,577108.000
48,0.00,50.00,-650.00,0.054212,0.001668,1.010959,0.000680,0.000899,0.001370,0,547.24,20,8.040,8.040,16.040,0.00,56.66,-649.45,0.008068,0.004884,-1.001068,0.006749,0.003379,0.003682,0.3171,0.5492,5.00,-1,nan,nan,0.4618,-0.2796,587748.000,588128.000
49,25.00,50.00,-650.00,0.104940,-0.005555,0.999118,0.000935,0.000819,0.000919,0,558.22,20,5.750,10.640,16.200,29.60,56.61,-649.25,0.005097,0.010243,-1.001132,0.004192,0.003683,0.006623,0.2703,0.4740,5.00,-1,nan,nan,0.2917,-0.5862,598748.000,599128.000
50,50.00,50.00,-650.00,0.154102,-0.024796,0.975912,0.000618,0.001009,0.001030,0,569.18,20,3.800,13.570,16.690,59.17,56.46,-648.66,0.000315,0.018313,-1.001767,0.002958,0.002999,0.005331,0.2783,0.5009,5.00,-1,nan,nan,0.0180,-1.0473,609708.000,610088.000
51,-50.00,-50.00,-625.00,-0.067697,-0.180109,1.017853,0.000760,0.001173,0.000578,0,592.89,20,11.270,1.280,-1.990,-58.78,-56.01,-623.75,0.036874,0.012103,-1.000768,0.006212,0.006121,0.008054,0.4609,0.7349,5.00,-1,nan,nan,2.1100,-0.6929,633408.000,633788.000
52,-25.00,-50.00,-625.00,-0.027725,-0.187936,1.043130,0.001289,0.000773,0.000723,0,603.90,20,8.280,3.280,-2.500,-29.39,-56.00,-624.30,0.037684,0.008029,-1.000932,0.001997,0.003680,0.005070,0.2622,0.5653,5.00,-1,nan,nan,2.1561,-0.4596,644408.000,644788.000
53,0.00,-50.00,-625.00,0.011059,-0.198340,1.055098,0.001483,0.000968,0.000789,0,614.88,20,5.610,5.610,-2.670,0.00,-56.00,-624.49,0.031131,0.011680,-1.002079,0.003699,0.002681,0.005795,0.2970,0.4912,5.00,-1,nan,nan,1.7793,-0.6678,655388.000,655768.000
54,25.00,-50.00,-625.00,0.059213,-0.208413,1.042927,0.000748,0.001050,0.000668,0,625.83,20,3.280,8.280,-2.500,29.39,-56.00,-624.30,0.027643,0.016012,-1.001975,0.001178,0.002826,0.006425,0.2857,0.5203,5.00,-1,nan,nan,1.5801,-0.9155,666348.000,666728.000
55,50.00,-50.00,-625.00,0.110192,-0.216949,1.020278,0.000745,0.001041,0.000839,0,636.77,20,1.280,11.270,-1.990,58.78,-56.01,-623.75,0.021646,0.021619,-1.001947,0.003821,0.002224,0.004162,0.3001,0.5101,5.00,-1,nan,nan,1.2373,-1.2361,677288.000,677668.000
56,50.00,-25.00,-625.00,0.118675,-0.171802,1.013763,0.001290,0.000828,0.002614,0,647.63,20,-0.630,9.420,0.260,58.99,-28.04,-624.10,0.016525,0.024106,-1.002245,0.003104,0.003059,0.005185,0.2603,0.5327,5.00,-1,nan,nan,0.9443,-1.3778,688148.000,688528.000
57,25.00,-25.00,-625.00,0.066660,-0.165843,1.038785,0.000000,0.000739,0.001780,0,658.67,20,1.380,6.410,-0.250,29.50,-28.02,-624.68,0.030646,0.020708,-1.002201,0.002834,0.002894,0.008341,0.2944,0.4825,5.00,-1,nan,nan,1.7511,-1.1837,699172.000,699560.000
58,0.00,-25.00,-625.00,0.018281,-0.154479,1.042724,0.000311,0.000226,0.002988,0,669.65,20,3.730,3.730,-0.420,0.00,-28.02,-624.87,0.034454,0.017694,-1.001039,0.003490,0.002390,0.009660,0.2642,0.5185,5.00,-1,nan,nan,1.9710,-1.0126,710172.000,710552.000
59,-25.00,-25.00,-625.00,-0.021084,-0.143371,1.040402,0.000565,0.001086,0.001489,0,680.63,20,6.410,1.380,-0.250,-29.50,-28.02,-624.68,0.036945,0.010249,-1.001671,0.002206,0.003266,0.004802,0.2531,0.4999,5.00,-1,nan,nan,2.1122,-0.5863,721132.000,721512.000
60,-50.00,-25.00,-625.00,-0.063580,-0.136350,1.014495,0.000226,0.000000,0.000834,0,691.58,20,9.420,-0.630,0.260,-58.99,-28.04,-624.10,0.035260,0.004830,-1.001802,0.001971,0.002210,0.005099,0.2946,0.5098,5.00,-1,nan,nan,2.0158,-0.2762,732092.000,732472.000
61,-50.00,0.00,-625.00,-0.051662,-0.093980,0.998865,0.000370,0.000226,0.001497,0,702.46,20,7.890,-2.190,2.860,-59.03,-0.05,-624.22,0.027860,-0.005210,-1.001653,0.004313,0.004974,0.004364,0.3659,0.5374,5.00,-1,nan,nan,1.5932,0.2980,742972.000,743352.000
62,-25.00,0.00,-625.00,-0.009066,-0.098829,1.025580,0.000888,0.001227,0.001625,0,713.50,20,4.870,-0.180,2.350,-29.53,-0.01,-624.80,0.022588,-0.000917,-1.002066,0.003668,0.003647,0.004611,0.3115,0.6230,5.00,-1,nan,nan,1.2913,0.0524,754012.000,754392.000
63,0.00,0.00,-625.00,0.031110,-0.108601,1.031867,0.000794,0.000622,0.001606,0,724.50,20,2.180,2.180,2.180,-0.00,0.00,-625.00,0.017811,0.004652,-1.001440,0.002978,0.002684,0.004468,0.2752,0.4306,5.00,-1,nan,nan,1.0189,-0.2662,765008.000,765388.000
64,25.00,0.00,-625.00,0.085825,-0.121832,1.027246,0.001651,0.000767,0.000918,0,735.48,20,-0.180,4.870,2.350,29.53,-0.01,-624.80,0.010408,0.014769,-1.001686,0.002363,0.004594,0.005547,0.2875,0.4747,5.00,-1,nan,nan,0.5953,-0.8447,775996.000,776376.000
65,50.00,0.00,-625.00,0.124230,-0.131300,0.989953,0.000000,0.001351,0.000787,0,746.47,20,-2.190,7.890,2.860,59.03,-0.05,-624.22,0.013068,0.020396,-1.002321,0.002916,0.003222,0.004399,0.2816,0.4192,5.01,-1,nan,nan,0.7468,-1.1657,786960.000,787344.000
66,50.00,25.00,-625.00,0.119813,-0.102466,0.965459,0.000587,0.000652,0.001307,0,757.34,20,-3.390,6.670,5.780,58.90,27.96,-624.09,0.008167,0.019007,-1.002079,0.003388,0.004815,0.004990,0.3471,0.6118,5.01,-1,nan,nan,0.4669,-1.0866,797840.000,798220.000
67,25.00,25.00,-625.00,0.078275,-0.091457,0.979247,0.000750,0.000714,0.000714,0,768.36,20,-1.390,3.660,5.280,29.47,28.02,-624.68,0.019962,0.019977,-1.001454,0.005601,0.003358,0.003893,0.3276,0.5794,5.00,-1,nan,nan,1.1417,-1.1428,808860.000,809240.000
68,0.00,25.00,-625.00,0.039088,-0.084235,0.987553,0.000809,0.000646,0.000476,0,779.36,20,0.960,0.960,5.110,0.00,28.03,-624.87,0.022301,0.016340,-1.001715,0.002710,0.002726,0.005335,0.2707,0.4327,5.00,-1,nan,nan,1.2752,-0.9345,819860.000,820240.000
69,-25.00,25.00,-625.00,-0.000076,-0.075750,0.977529,0.000340,0.000000,0.002027,0,790.34,20,3.660,-1.390,5.280,-29.47,28.02,-624.68,0.023561,0.006348,-1.001810,0.003165,0.001550,0.005331,0.2787,0.4553,5.00,-1,nan,nan,1.3472,-0.3630,830840.000,831220.000
70,-50.00,25.00,-625.00,-0.041160,-0.075548,0.965839,0.000416,0.000622,0.000793,0,801.29,20,6.670,-3.390,5.780,-58.90,27.96,-624.09,0.027742,0.002831,-1.001989,0.001853,0.003233,0.006797,0.3102,0.5173,5.01,-1,nan,nan,1.5860,-0.1619,841800.000,842180.000
71,-50.00,50.00,-625.00,-0.024240,-0.045450,0.928823,0.001572,0.000000,0.000833,0,812.15,20,5.780,-4.240,9.040,-58.59,55.98,-623.74,0.018557,-0.005006,-1.001805,0.003014,0.003196,0.012330,0.2380,0.3884,5.01,-1,nan,nan,1.0612,0.2863,852660.000,853040.000
72,-25.00,50.00,-625.00,0.013433,-0.045450,0.950865,0.001540,0.000000,0.000588,0,823.15,20,2.770,-2.250,8.530,-29.31,56.04,-624.30,0.010049,-0.000544,-1.000206,0.003025,0.003815,0.012872,0.3012,0.4847,5.01,-1,nan,nan,0.5756,0.0312,863664.000,864048.000
73,0.00,50.00,-625.00,0.051990,-0.054439,0.953542,0.000645,0.000532,0.000891,0,834.13,20,0.090,0.090,8.360,0.00,56.07,-624.49,0.004707,0.005145,-1.001524,0.002952,0.004041,0.005031,0.2912,0.6035,5.00,-1,nan,nan,0.2693,-0.2943,874636.000,875016.000
74,25.00,50.00,-625.00,0.084739,-0.063858,0.949349,0.000558,0.000557,0.001686,0,845.10,20,-2.250,2.770,8.530,29.31,56.04,-624.30,0.003469,0.011432,-1.000668,0.002096,0.003937,0.006473,0.3176,0.4509,5.01,-1,nan,nan,0.1986,-0.6545,885596.000,885976.000
75,50.00,50.00,-625.00,0.123701,-0.080977,0.921198,0.000888,0.000773,0.002168,0,856.06,20,-4.240,5.780,9.040,58.59,55.98,-623.74,-0.001619,0.021028,-1.000464,0.002961,0.004810,0.004070,0.3296,0.5282,5.00,-1,nan,nan,-0.0927,-1.2041,896552.000,896932.000
