pass,x_mm,y_mm,probe_z_mm,cmd_deg,meas_D9_deg,meas_D10_deg,meas_D11_deg,note
lead-in,0,0,-740,38.86,46.3,39.6,42.5,approached from Home (downward); excluded from fit
up,0,0,-730,35.44,42.6,33,40.3,
up,0,0,-720,32.11,38.7,28.9,36.8,
up,0,0,-710,28.86,34.8,25,33.2,
up,0,0,-700,25.66,31.2,22.2,29.8,
up,0,0,-690,22.51,27.4,19.2,26.2,
up,0,0,-680,19.39,23.8,16.7,22.4,
up,0,0,-670,16.28,20.4,13.6,19.7,
up,0,0,-660,13.18,16.9,10.6,16.4,
up,0,0,-650,10.06,12.7,7,13.1,
up,0,0,-640,6.93,9.1,4.6,9.7,
up,0,0,-630,3.77,5.3,1,5.6,
up,0,0,-620,0.57,0.2,-1.7,2.4,
up,0,0,-610,-2.69,-2.4,-4.3,-1.4,
up,0,0,-600,-6.01,-6.7,-7.2,-4.7,
up,0,0,-590,-9.42,-12,-12.8,-8.9,
