idx,x_mm,y_mm,z_mm,Bx_G,By_G,Bz_G,Bx_std_G,By_std_G,Bz_std_G,err,t_s,n_samples,deg1,deg2,deg3,sent_x_mm,sent_y_mm,sent_z_mm
1,-50.00,-50.00,-675.00,-0.066660,-0.178922,0.721949,0.000000,0.000370,0.000665,0,15.90,20,25.220,17.460,14.530,-50.00,-50.00,-675.00
2,-25.00,-50.00,-675.00,-0.081281,-0.178820,0.733564,0.000703,0.000226,0.000644,0,26.64,20,22.830,18.950,14.040,-25.00,-50.00,-675.00
3,0.00,-50.00,-675.00,-0.109510,-0.184830,0.747780,0.000620,0.000000,0.000765,0,37.37,20,20.740,20.740,13.880,0.00,-50.00,-675.00
4,25.00,-50.00,-675.00,-0.135794,-0.193718,0.771463,0.000693,0.000842,0.001616,0,48.11,20,18.950,22.830,14.040,25.00,-50.00,-675.00
5,50.00,-50.00,-675.00,-0.182129,-0.211898,0.812520,0.000599,0.000414,0.000963,0,58.84,20,17.460,25.220,14.530,50.00,-50.00,-675.00
6,50.00,-25.00,-675.00,-0.190159,-0.160086,0.826483,0.000918,0.000866,0.001315,0,69.58,20,15.820,23.640,16.360,50.00,-25.00,-675.00
7,25.00,-25.00,-675.00,-0.143901,-0.160237,0.778710,0.000794,0.000569,0.000328,0,80.32,20,17.320,21.240,15.870,25.00,-25.00,-675.00
8,0.00,-25.00,-675.00,-0.115191,-0.164530,0.753536,0.000516,0.001005,0.001468,0,91.06,20,19.130,19.130,15.710,0.00,-25.00,-675.00
9,-25.00,-25.00,-675.00,-0.084638,-0.163620,0.733463,0.000501,0.000000,0.000504,0,101.79,20,21.240,17.320,15.870,-25.00,-25.00,-675.00
10,-50.00,-25.00,-675.00,-0.064743,-0.163620,0.723439,0.000648,0.000000,0.000858,0,112.52,20,23.640,15.820,16.360,-50.00,-25.00,-675.00
11,-50.00,0.00,-675.00,-0.061004,-0.152436,0.720888,0.000604,0.000702,0.000623,0,123.27,20,22.380,14.500,18.480,-50.00,0.00,-675.00
12,-25.00,0.00,-675.00,-0.073024,-0.149380,0.730964,0.000554,0.001879,0.000906,0,134.02,20,19.960,16.020,18.000,-25.00,0.00,-675.00
13,0.00,0.00,-675.00,-0.098199,-0.145113,0.748714,0.000624,0.000595,0.000683,0,144.76,20,17.830,17.830,17.830,0.00,0.00,-675.00
14,25.00,0.00,-675.00,-0.135796,-0.131300,0.783585,0.000710,0.001023,0.000916,0,155.49,20,16.020,19.960,18.000,25.00,0.00,-675.00
15,50.00,0.00,-675.00,-0.180615,-0.115140,0.824742,0.000916,0.000000,0.002073,0,166.21,20,14.500,22.380,18.480,50.00,0.00,-675.00
16,50.00,25.00,-675.00,-0.150946,-0.073327,0.817999,0.000730,0.000862,0.000311,0,176.95,20,13.510,21.430,20.910,50.00,25.00,-675.00
17,25.00,25.00,-675.00,-0.119081,-0.105697,0.774873,0.000709,0.000569,0.000888,0,187.67,20,15.030,18.990,20.420,25.00,25.00,-675.00
18,0.00,25.00,-675.00,-0.089587,-0.123422,0.742653,0.001857,0.000825,0.000475,0,198.41,20,16.850,16.850,20.260,0.00,25.00,-675.00
19,-25.00,25.00,-675.00,-0.067647,-0.137993,0.727554,0.000778,0.001060,0.003148,0,209.13,20,18.990,15.030,20.420,-25.00,25.00,-675.00
20,-50.00,25.00,-675.00,-0.053935,-0.145440,0.718009,0.000646,0.000000,0.000311,0,219.85,20,21.430,13.510,20.910,-50.00,25.00,-675.00
21,-50.00,50.00,-675.00,-0.042068,-0.135593,0.717530,0.000752,0.000889,0.000679,0,230.61,20,20.790,12.830,23.620,-50.00,50.00,-675.00
22,-25.00,50.00,-675.00,-0.052622,-0.127463,0.724019,0.000830,0.000504,0.000465,0,241.35,20,18.340,14.360,23.130,-25.00,50.00,-675.00
23,0.00,50.00,-675.00,-0.062421,-0.115166,0.737831,0.000598,0.000418,0.001080,0,252.11,20,16.190,16.190,22.970,0.00,50.00,-675.00
24,25.00,50.00,-675.00,-0.084110,-0.091532,0.763813,0.000933,0.000694,0.000449,0,262.86,20,14.360,18.340,23.130,25.00,50.00,-675.00
25,50.00,50.00,-675.00,-0.107592,-0.054338,0.796991,0.000704,0.000501,0.000311,0,273.60,20,12.830,20.790,23.620,50.00,50.00,-675.00
26,-50.00,-50.00,-650.00,-0.050377,-0.184502,0.730458,0.000630,0.000619,0.000478,0,295.29,20,17.740,9.630,6.610,-50.00,-50.00,-650.00
27,-25.00,-50.00,-650.00,-0.065905,-0.181926,0.745204,0.000792,0.000398,0.000756,0,306.04,20,15.260,11.200,6.120,-25.00,-50.00,-650.00
28,0.00,-50.00,-650.00,-0.076054,-0.186751,0.763864,0.000624,0.000920,0.000741,0,316.79,20,13.070,13.070,5.960,0.00,-50.00,-650.00
29,25.00,-50.00,-650.00,-0.102869,-0.193920,0.793683,0.000370,0.000000,0.000441,0,327.57,20,11.200,15.260,6.120,25.00,-50.00,-650.00
30,50.00,-50.00,-650.00,-0.127260,-0.208919,0.833908,0.000000,0.001089,0.000854,0,338.31,20,9.630,17.740,6.610,50.00,-50.00,-650.00
31,50.00,-25.00,-650.00,-0.130038,-0.169327,0.843047,0.000666,0.000569,0.001609,0,348.96,20,7.950,16.100,8.510,50.00,-25.00,-650.00
32,25.00,-25.00,-650.00,-0.111732,-0.167913,0.801688,0.000631,0.001004,0.001567,0,359.65,20,9.520,13.600,8.020,25.00,-25.00,-650.00
33,0.00,-25.00,-650.00,-0.086937,-0.167357,0.766894,0.001556,0.000919,0.002313,0,370.31,20,11.410,11.410,7.850,0.00,-25.00,-650.00
34,-25.00,-25.00,-650.00,-0.066660,-0.169781,0.746517,0.000000,0.000311,0.001122,0,380.97,20,13.600,9.520,8.020,-25.00,-25.00,-650.00
35,-50.00,-25.00,-650.00,-0.053026,-0.169680,0.735534,0.000983,0.000492,0.000684,0,391.62,20,16.100,7.950,8.510,-50.00,-25.00,-650.00
36,-50.00,0.00,-650.00,-0.045930,-0.155238,0.733083,0.000705,0.000904,0.000441,0,402.30,20,14.780,6.600,10.720,-50.00,0.00,-650.00
37,-25.00,0.00,-650.00,-0.055425,-0.154530,0.744347,0.000785,0.000000,0.001650,0,412.96,20,12.270,8.170,10.230,-25.00,0.00,-650.00
38,0.00,0.00,-650.00,-0.072645,-0.151500,0.767499,0.000526,0.000328,0.001222,0,423.64,20,10.060,10.060,10.060,0.00,0.00,-650.00
39,25.00,0.00,-650.00,-0.096809,-0.142841,0.797193,0.000370,0.000683,0.000933,0,434.30,20,8.170,12.270,10.230,25.00,0.00,-650.00
40,50.00,0.00,-650.00,-0.121554,-0.133775,0.842795,0.000658,0.000589,0.000818,0,444.99,20,6.600,14.780,10.720,50.00,0.00,-650.00
41,50.00,25.00,-650.00,-0.097642,-0.099687,0.837166,0.000598,0.000552,0.000713,0,455.66,20,5.570,13.780,13.240,50.00,25.00,-650.00
42,25.00,25.00,-650.00,-0.083302,-0.118372,0.796183,0.000704,0.000528,0.000989,0,466.33,20,7.140,11.260,12.750,25.00,25.00,-650.00
43,0.00,25.00,-650.00,-0.064060,-0.136350,0.762174,0.000841,0.000000,0.000748,0,476.99,20,9.040,9.040,12.580,0.00,25.00,-650.00
44,-25.00,25.00,-650.00,-0.051081,-0.144128,0.742123,0.000550,0.000903,0.000553,0,487.65,20,11.260,7.140,12.750,-25.00,25.00,-650.00
45,-50.00,25.00,-650.00,-0.044996,-0.151500,0.731646,0.000954,0.000000,0.000845,0,498.30,20,13.780,5.570,13.240,-50.00,25.00,-650.00
46,-50.00,50.00,-650.00,-0.035527,-0.140518,0.729726,0.001344,0.000767,0.001931,0,508.97,20,13.100,4.860,16.060,-50.00,50.00,-650.00
47,-25.00,50.00,-650.00,-0.035755,-0.133700,0.739119,0.000667,0.000675,0.000702,0,519.63,20,10.560,6.440,15.570,-25.00,50.00,-650.00
48,0.00,50.00,-650.00,-0.045450,-0.124913,0.752881,0.000000,0.000682,0.003089,0,530.29,20,8.340,8.340,15.400,0.00,50.00,-650.00
49,25.00,50.00,-650.00,-0.051990,-0.109030,0.776970,0.000645,0.000226,0.001043,0,540.95,20,6.440,10.560,15.570,25.00,50.00,-650.00
50,50.00,50.00,-650.00,-0.059567,-0.082517,0.806713,0.000577,0.000793,0.000890,0,551.60,20,4.860,13.100,16.060,50.00,50.00,-650.00
51,-50.00,-50.00,-625.00,-0.040198,-0.184678,0.736770,0.001208,0.000494,0.000556,0,573.21,20,10.200,1.710,-1.420,-50.00,-50.00,-625.00
52,-25.00,-50.00,-625.00,-0.046740,-0.181901,0.752678,0.000579,0.000311,0.000934,0,583.86,20,7.600,3.350,-1.920,-25.00,-50.00,-625.00
53,0.00,-50.00,-625.00,-0.056283,-0.186271,0.770378,0.001016,0.000840,0.001761,0,594.50,20,5.310,5.310,-2.090,0.00,-50.00,-625.00
54,25.00,-50.00,-625.00,-0.065778,-0.193920,0.793355,0.000800,0.000000,0.000897,0,605.19,20,3.350,7.600,-1.920,25.00,-50.00,-625.00
55,50.00,-50.00,-625.00,-0.076559,-0.203136,0.829463,0.000665,0.000516,0.000759,0,615.84,20,1.710,10.200,-1.420,50.00,-50.00,-625.00
56,50.00,-25.00,-625.00,-0.076079,-0.176650,0.833630,0.000701,0.000669,0.000612,0,626.49,20,-0.030,8.490,0.550,50.00,-25.00,-625.00
57,25.00,-25.00,-625.00,-0.071104,-0.176094,0.798607,0.001585,0.000639,0.001768,0,637.15,20,1.610,5.870,0.040,25.00,-25.00,-625.00
58,0.00,-25.00,-625.00,-0.061535,-0.172938,0.772827,0.000917,0.000623,0.000443,0,647.82,20,3.580,3.580,-0.120,0.00,-25.00,-625.00
59,-25.00,-25.00,-625.00,-0.051132,-0.174504,0.754042,0.000609,0.000741,0.000754,0,658.48,20,5.870,1.610,0.040,-25.00,-25.00,-625.00
60,-50.00,-25.00,-625.00,-0.044187,-0.172559,0.742401,0.001461,0.000465,0.002059,0,669.23,20,8.490,-0.030,0.550,-50.00,-25.00,-625.00
61,-50.00,0.00,-625.00,-0.037448,-0.159279,0.741644,0.000857,0.000825,0.000774,0,679.97,20,7.100,-1.430,2.850,-50.00,0.00,-625.00
62,-25.00,0.00,-625.00,-0.040653,-0.160691,0.753209,0.001667,0.001700,0.001356,0,690.75,20,4.480,0.210,2.350,-25.00,0.00,-625.00
63,0.00,0.00,-625.00,-0.048078,-0.155743,0.773384,0.000811,0.000947,0.000724,0,701.52,20,2.180,2.180,2.180,0.00,0.00,-625.00
64,25.00,0.00,-625.00,-0.059213,-0.156980,0.803279,0.000833,0.000618,0.000599,0,712.26,20,0.210,4.480,2.350,25.00,0.00,-625.00
65,50.00,0.00,-625.00,-0.068429,-0.151728,0.832543,0.000934,0.000557,0.001273,0,723.01,20,-1.430,7.100,2.850,50.00,0.00,-625.00
66,50.00,25.00,-625.00,-0.050375,-0.130164,0.825248,0.000895,0.000396,0.000642,0,733.75,20,-2.490,6.050,5.480,50.00,25.00,-625.00
67,25.00,25.00,-625.00,-0.051511,-0.139380,0.790274,0.000591,0.000492,0.002210,0,744.49,20,-0.860,3.420,4.980,25.00,25.00,-625.00
68,0.00,25.00,-625.00,-0.045450,-0.148950,0.766288,0.000000,0.000794,0.000552,0,755.23,20,1.110,1.110,4.810,0.00,25.00,-625.00
69,-25.00,25.00,-625.00,-0.037573,-0.154530,0.748714,0.000810,0.000000,0.000554,0,765.94,20,3.420,-0.860,4.980,-25.00,25.00,-625.00
70,-50.00,25.00,-625.00,-0.033381,-0.157662,0.738689,0.001553,0.000581,0.000967,0,776.68,20,6.050,-2.490,5.480,-50.00,25.00,-625.00
71,-50.00,50.00,-625.00,-0.020983,-0.145794,0.736644,0.000578,0.000884,0.000494,0,787.41,20,5.320,-3.220,8.430,-50.00,50.00,-625.00
72,-25.00,50.00,-625.00,-0.021841,-0.145440,0.748713,0.001340,0.000000,0.000475,0,798.13,20,2.680,-1.590,7.920,-25.00,50.00,-625.00
73,0.00,50.00,-625.00,-0.027220,-0.139329,0.760909,0.001330,0.000226,0.000632,0,808.90,20,0.380,0.380,7.760,0.00,50.00,-625.00
74,25.00,50.00,-625.00,-0.027270,-0.127260,0.780455,0.001226,0.000000,0.000858,0,819.66,20,-1.590,2.680,7.920,25.00,50.00,-625.00
75,50.00,50.00,-625.00,-0.022777,-0.111757,0.806789,0.000834,0.000804,0.001198,0,830.43,20,-3.220,5.320,8.430,50.00,50.00,-625.00
